"","extrav","neur","burn","poscop","negcop","anxiety"
"1",0.142857142857143,0.875,2.18181818181818,4.2,1.375,1.33333333333333
"2",0.428571428571429,0.375,3.36363636363636,3.5,3.375,1.46666666666667
"3",0.285714285714286,0.5,4,3.3,3.5,1.06666666666667
"4",0.142857142857143,0.25,3.18181818181818,3.1,3.375,1.6
"5",0.714285714285714,0,3.63636363636364,3.7,3.25,2.06666666666667
"6",0.857142857142857,0,1.90909090909091,4.5,2.125,1.13333333333333
"7",0.571428571428571,0.625,3.90909090909091,3.3,3.125,2
"8",0.571428571428571,0.125,2.45454545454545,3,2.375,2.26666666666667
"9",0.285714285714286,0.285714285714286,3.54545454545455,3.22222222222222,2.625,1.06666666666667
"10",0.142857142857143,0.25,3.18181818181818,3.3,3.5,1.6
"11",0.857142857142857,0.875,5.72727272727273,3.6,3.25,2.86666666666667
"12",0.857142857142857,0.125,1.54545454545455,3.8,1.625,1.13333333333333
"13",0.285714285714286,0.875,1.81818181818182,4.2,1.375,1.33333333333333
"14",0.857142857142857,0,1.45454545454545,3.7,2.125,1
"15",0.285714285714286,0.875,1.81818181818182,4.2,1.375,1.33333333333333
"16",0.571428571428571,0.375,2,4.1,2.25,1.33333333333333
"17",0,0.375,4.18181818181818,4.2,3.125,1.26666666666667
"18",0.428571428571429,0.5,3,3.2,2.625,1.73333333333333
"19",0.142857142857143,1,1.54545454545455,4.3,1.625,1.53333333333333
"20",1,0.375,4.45454545454545,2.2,3.75,2
"21",0.428571428571429,0.375,3.36363636363636,2.5,3.375,2.26666666666667
"22",0.142857142857143,0.375,2,4.1,2.25,1.33333333333333
"23",0.428571428571429,0,4.09090909090909,3.5,3.75,1.66666666666667
"24",0.428571428571429,1,3.45454545454545,3.8,2.625,1.2
"25",0.428571428571429,0.5,2.54545454545455,2.6,3.125,2.53333333333333
"26",0.428571428571429,0.25,1.81818181818182,3.8,2.125,1.53333333333333
"27",0.571428571428571,1,4.18181818181818,3.9,2.125,1.13333333333333
"28",0.428571428571429,0.75,2.72727272727273,4,2.875,1.06666666666667
"29",0.428571428571429,0.75,1.36363636363636,3.5,3.375,1.4
"30",0.285714285714286,0,4,2,2,1.86666666666667
"31",0,1,4.09090909090909,4.2,2.375,1.33333333333333
"32",0.571428571428571,0,3.72727272727273,1.6,4.125,2.2
"33",0.428571428571429,0.5,3.63636363636364,3,3,2.33333333333333
"34",0.857142857142857,0.25,4.09090909090909,3.7,1.5,1
"35",0.285714285714286,0.75,4,4.9,2.25,1.06666666666667
"36",0.714285714285714,0.5,3.81818181818182,4,4,1.6
"37",0.714285714285714,0.375,4.27272727272727,3.7,3.125,1.2
"38",0.428571428571429,0.75,2.36363636363636,4.2,2.5,1.06666666666667
"39",0.285714285714286,0.25,2.27272727272727,3.6,3.25,1.33333333333333
"40",0.571428571428571,1,2.90909090909091,4,2.25,1.13333333333333
"41",0.142857142857143,1,1.63636363636364,4,2.375,1
"42",0,0.75,3.54545454545455,3.1,3,1.93333333333333
"43",0.142857142857143,0.25,3.18181818181818,3.2,3.5,1.6
"44",0.714285714285714,0.625,3.09090909090909,3.3,2.625,1.4
"45",0,0.375,1.72727272727273,3.1,2.5,2.06666666666667
"46",1,1,3.54545454545455,2.7,2.375,2.46666666666667
"47",0.571428571428571,0.625,3.72727272727273,3.8,2.625,1.2
"48",0.714285714285714,0.25,3.45454545454545,3.6,2.625,1.46666666666667
"49",0.714285714285714,0.375,4.45454545454545,3.4,2.75,1.53333333333333
"50",0.571428571428571,0.625,4.27272727272727,3.4,3.25,2.4
"51",0,0.625,4.18181818181818,1.4,3.75,2.2
"52",0.571428571428571,0.625,1.81818181818182,3.4,2.75,1.26666666666667
"53",1,0.25,3.63636363636364,4,4,1.93333333333333
"54",0.571428571428571,0.625,3.81818181818182,3.9,2,1.06666666666667
"55",0.285714285714286,0.25,2.81818181818182,2.8,2.375,3
"56",0.571428571428571,0.625,2.45454545454545,3,2.875,1.26666666666667
"57",0.714285714285714,0.625,3.36363636363636,3.2,3,1.26666666666667
"58",0,0.875,1.81818181818182,4.6,2,1.06666666666667
"59",0.428571428571429,0.125,4.18181818181818,4.2,3,1.4
"60",0.285714285714286,0,3.18181818181818,3.4,2.25,1.26666666666667
"61",0.571428571428571,0.75,3.18181818181818,2,3.875,1.4
"62",0.428571428571429,0.75,4,2.9,3,1.2
"63",0.142857142857143,0.625,2.36363636363636,4.6,2.625,1
"64",0.571428571428571,0.75,4,3,3,2.13333333333333
"65",0.714285714285714,0,4.27272727272727,2.6,4.5,3.26666666666667
"66",0.571428571428571,0.875,2.36363636363636,3.8,2.375,1
"67",0.285714285714286,0.25,2.09090909090909,4.2,1.625,1.33333333333333
"68",0,0.75,4.09090909090909,3.4,2.375,1.06666666666667
"69",1,1,3.72727272727273,2.7,2.75,1.53333333333333
"70",0.571428571428571,0.875,3,4.2,2.125,1.13333333333333
"71",0.571428571428571,0,4.09090909090909,4.2,4.25,2.2
"72",0.142857142857143,0.5,3.36363636363636,3.6,3.25,1
"73",0.714285714285714,0.5,3.18181818181818,4,3.375,1.86666666666667
"74",0.142857142857143,0.5,3.54545454545455,3.6,3.625,1.26666666666667
"75",0.142857142857143,0.125,1.54545454545455,3.7,2.375,1.4
"76",0.857142857142857,1,2.90909090909091,2.8,3.5,1.53333333333333
"77",0.571428571428571,0.75,2.54545454545455,3.2,2.875,2.33333333333333
"78",0.142857142857143,0.125,6,4,3.25,1.93333333333333
"79",0.714285714285714,0.5,3.18181818181818,2.6,2.875,2.6
"80",1,0.5,3.36363636363636,3.9,1.875,1.33333333333333
"81",0.285714285714286,0,3.18181818181818,3.5,3.375,2.53333333333333
"82",0.285714285714286,0.625,3.27272727272727,4.2,4,1.26666666666667
"83",0.857142857142857,1,2.27272727272727,2.8,3.25,1.06666666666667
"84",0.428571428571429,0.5,5,4.1,2.625,1.93333333333333
"85",0.142857142857143,0.25,3.45454545454545,3.3,3.5,1.6
"86",0.142857142857143,0.75,4.72727272727273,2.6,3.625,2.6
"87",0.714285714285714,0,3,3.4,2.125,1.06666666666667
"88",1,1,3.09090909090909,2.2,2.375,1.4
"89",0.428571428571429,1,2.09090909090909,4.5,2.125,1.26666666666667
"90",0.428571428571429,0.75,4.72727272727273,1.8,3.5,2.8
"91",0.142857142857143,0.5,3.36363636363636,3,3,1.13333333333333
"92",0.714285714285714,0.5,5.27272727272727,3.7,3.375,2.73333333333333
"93",0.714285714285714,0.125,2.63636363636364,3.2,2.125,1.73333333333333
"94",0.428571428571429,0.375,2.45454545454545,3.6,3.25,1.2
"95",0.285714285714286,0.5,4.36363636363636,3.5,3.875,3.33333333333333
"96",0,0.875,2.90909090909091,3.3,2.5,1.4
"97",0.571428571428571,0.625,3.72727272727273,3.6,3,1.33333333333333
"98",0.857142857142857,0.5,5.09090909090909,3.2,3.125,1.8
"99",0.142857142857143,0.25,4.36363636363636,3.8,3.625,1.86666666666667
"100",0.285714285714286,0.75,3.18181818181818,2.9,2.875,2
"101",0.714285714285714,0,3.27272727272727,3.4,3.375,1.2
"102",0.142857142857143,0.125,4.63636363636364,4,3,1.86666666666667
"103",0.428571428571429,0.75,2.09090909090909,3.5,3,1.6
"104",0.285714285714286,0.5,3.90909090909091,3.2,3.625,3.33333333333333
"105",1,0.75,4.18181818181818,2.8,3.875,1.8
"106",0.142857142857143,0.875,2.09090909090909,3,3,1.2
"107",0.714285714285714,0.5,3.54545454545455,2.3,3,1.6
"108",0.142857142857143,0.625,3.09090909090909,2.7,1.375,1.13333333333333
"109",1,0.375,3.09090909090909,3.5,2.125,1.2
"110",0.571428571428571,0.875,3.18181818181818,3.3,3.375,3.26666666666667
"111",0.857142857142857,0.25,4,3.9,2.75,1.8
"112",0.714285714285714,0.25,3.81818181818182,4.3,3.125,1.53333333333333
"113",0.285714285714286,0.625,4.09090909090909,3.6,3.5,1.73333333333333
"114",0,0.5,4.72727272727273,3,3,1.26666666666667
"115",0.571428571428571,0.5,5.18181818181818,3,1.875,1.26666666666667
"116",0.142857142857143,0.625,4.63636363636364,4.5,3.375,1.46666666666667
"117",0.142857142857143,0.875,4.45454545454545,2.8,4,1.86666666666667
"118",0.714285714285714,0.25,2.72727272727273,4.2,3.375,1.53333333333333
"119",0.142857142857143,1,1.54545454545455,3.1,2.25,1.06666666666667
"120",0,0.875,1.45454545454545,4.2,1.5,1.33333333333333
"121",0.571428571428571,0.5,4.45454545454545,3,2.875,1.66666666666667
"122",0.714285714285714,0.625,3.54545454545455,3.6,3.125,1.2
"123",0.285714285714286,0.375,3.90909090909091,2.8,3.375,2.33333333333333
"124",0.428571428571429,0.875,3.09090909090909,3.8,3.875,1
"125",0.857142857142857,0,5.72727272727273,2.2,2.375,2.53333333333333
"126",0.714285714285714,1,1.27272727272727,3.3,2.375,1.06666666666667
"127",0.571428571428571,0.25,3.72727272727273,3,3.875,2
"128",0.714285714285714,1,4.45454545454545,3.8,4,2.93333333333333
"129",0.428571428571429,0.75,1.54545454545455,3,2.5,1
"130",0.142857142857143,0.25,3.18181818181818,3.1,3.625,1.6
"131",0.714285714285714,0.5,3.90909090909091,3.2,3,1.66666666666667
"132",0.571428571428571,0.25,5.09090909090909,3.3,4.125,1.53333333333333
"133",0.428571428571429,1,4.27272727272727,3.8,3.75,2.26666666666667
"134",0.285714285714286,0.5,2.90909090909091,3.1,4.125,1.4
"135",0.857142857142857,0,3.45454545454545,2.6,3.875,2.4
"136",1,0.125,2.36363636363636,4.3,2.625,1.06666666666667
"137",0.571428571428571,0.375,4.27272727272727,2.6,3,1.4
"138",0.714285714285714,0,3.90909090909091,4,2.75,1.06666666666667
"139",0.571428571428571,0.375,3.90909090909091,3.9,2.625,1.86666666666667
"140",0.571428571428571,1,2.36363636363636,3.6,2.125,1
"141",0.857142857142857,1,3.27272727272727,3.4,2.5,1
"142",0.571428571428571,1,5.81818181818182,3.1,4.125,1.6
"143",1,0,2.81818181818182,3.7,1.5,1.2
"144",0.285714285714286,0.375,2.81818181818182,3.8,2.625,1.8
"145",0.428571428571429,0.375,4.36363636363636,3.8,3.875,2.13333333333333
"146",0,0.25,3.45454545454545,2.5,2.5,2
"147",0.428571428571429,0.25,2.45454545454545,3.1,2,1.46666666666667
"148",0.285714285714286,0.875,2.45454545454545,4.4,2.375,1.46666666666667
"149",0.714285714285714,0.375,2.54545454545455,2.3,3,1.73333333333333
"150",1,1,7,5,5,4
"151",0.714285714285714,0.25,4,3.8,3.25,1.66666666666667
"152",0.714285714285714,1,2.54545454545455,3.5,2.5,1.06666666666667
"153",0.285714285714286,0.875,3.36363636363636,4.4,2.5,1.26666666666667
"154",0.428571428571429,0.5,5.36363636363636,4.1,2.625,1.53333333333333
"155",0.571428571428571,0.125,3.63636363636364,4.7,2.25,1.4
"156",0.285714285714286,0.125,1.54545454545455,2.9,3.5,2.06666666666667
"157",0.285714285714286,0.625,2.45454545454545,3.7,2.875,1.33333333333333
"158",0.857142857142857,0.375,2.72727272727273,3.4,3.375,1.4
"159",0.571428571428571,0.125,1.54545454545455,4.4,1.25,1
"160",0.285714285714286,0.625,3.90909090909091,4.1,3.375,1.13333333333333
"161",0.285714285714286,0,4.45454545454545,2.9,3.375,3
"162",0.428571428571429,0.5,3.09090909090909,3.1,2.125,1.13333333333333
"163",1,0.125,4.09090909090909,4.8,3.25,1.06666666666667
"164",0.571428571428571,0.625,3.54545454545455,2.8,2.25,1.8
"165",0.857142857142857,0.125,3.90909090909091,4.1,3.25,1.66666666666667
"166",0.285714285714286,1,2,2.4,2.125,2.2
"167",0.571428571428571,0.375,3.2,2.6,3.125,1.33333333333333
"168",0.857142857142857,0.875,4.81818181818182,3.1,3.375,3.53333333333333
"169",0.714285714285714,0.75,3.81818181818182,3.4,4.125,1.6
"170",0.285714285714286,1,1.09090909090909,3.6,2.625,1
"171",0.857142857142857,0.25,3.18181818181818,3.4,1.375,1.06666666666667
"172",0.571428571428571,0.875,3.72727272727273,3.4,3.625,2.13333333333333
"173",0.428571428571429,0.375,3.36363636363636,4.3,4,1.06666666666667
"174",0.571428571428571,0.5,3.63636363636364,3,3.375,1.33333333333333
"175",0.714285714285714,0,4.18181818181818,3.5,2.25,2.2
"176",0.857142857142857,0.375,2.81818181818182,3.4,3.375,2
"177",1,0.875,2.18181818181818,2.9,3.375,1.73333333333333
"178",0.571428571428571,0.5,2.72727272727273,4.2,3,2.13333333333333
"179",0.571428571428571,0.625,3.54545454545455,4,2.125,1.46666666666667
"180",0.714285714285714,0.625,4.72727272727273,3,3,2.26666666666667
"181",0.571428571428571,0.125,3.90909090909091,4.4,1.625,1.13333333333333
"182",0.142857142857143,0.625,5.18181818181818,2.2,3.75,3
"183",0.142857142857143,0.5,3.27272727272727,2.1,2.75,1.33333333333333
"184",1,0.625,4,3.9,2,1.73333333333333
"185",0.857142857142857,0.25,2.63636363636364,2.2,3.75,1.53333333333333
"186",0.571428571428571,0.375,3.81818181818182,3.5,2.75,1.8
"187",0.714285714285714,0.5,3.72727272727273,2.7,2.625,1
"188",0.571428571428571,0.5,4.54545454545455,3.8,2.375,1
"189",0.857142857142857,0.5,3.27272727272727,2.8,2.75,1.86666666666667
"190",0.714285714285714,0.75,3.72727272727273,5,1.5,1.93333333333333
"191",1,0.875,3.36363636363636,4.4,4.25,1.73333333333333
"192",0.142857142857143,0.875,1.54545454545455,5,1.25,1
"193",0.142857142857143,0.875,1.81818181818182,4.2,1.875,1.33333333333333
"194",0.714285714285714,0.25,3.54545454545455,4.5,3.25,1.06666666666667
"195",0.714285714285714,0.25,2.63636363636364,5,1.5,2.33333333333333
"196",0.428571428571429,0.625,2.72727272727273,3.2,3.5,1.46666666666667
"197",0,0.125,2.45454545454545,4,4,2
"198",0.714285714285714,0.25,3.81818181818182,3.3,3,1.33333333333333
"199",0.857142857142857,0.125,2.09090909090909,2.7,1.5,1.06666666666667
"200",0.857142857142857,0.25,1.8,4.7,1.75,1.4
"201",0.714285714285714,0.375,4.09090909090909,2.8,3.75,2
"202",0.428571428571429,0.25,3.18181818181818,3.1,3.625,1.66666666666667
"203",1,0.5,2.90909090909091,2.2,2.75,1.73333333333333
"204",0.571428571428571,0.125,2.36363636363636,3,1.875,1.33333333333333
"205",0.857142857142857,0.75,1.72727272727273,4,2.5,1.4
"206",0.714285714285714,0.75,5.27272727272727,2,2.125,2.86666666666667
"207",0,0,4.18181818181818,1.8,2.5,3
"208",0.428571428571429,0.625,4.36363636363636,2.8,2.875,1.26666666666667
"209",0.857142857142857,0,5.72727272727273,2.3,4,3.06666666666667
"210",0.714285714285714,0,3.63636363636364,4.3,2.125,1.93333333333333
"211",0.857142857142857,0,1.72727272727273,4.8,2,1.13333333333333
"212",0.714285714285714,0.75,3.18181818181818,3.1,3.625,1.13333333333333
"213",0.571428571428571,0,3.36363636363636,3.4,3,1
"214",0.571428571428571,0.375,2.81818181818182,4,4,3
"215",0.142857142857143,0.875,3.72727272727273,3,3,1.86666666666667
"216",0.714285714285714,0.5,4,2,2,1.53333333333333
"217",0.714285714285714,0.25,2.36363636363636,4.1,2.25,1
"218",1,0.375,2.54545454545455,4.3,2.125,1
"219",0.857142857142857,0.75,4.90909090909091,4,4,3
"220",0.857142857142857,0,3.09090909090909,3.9,2.125,1.4
"221",0.857142857142857,0.125,4.54545454545455,3.9,2,1.73333333333333
"222",0.428571428571429,0.125,3,4.1,3,1.66666666666667
"223",0.428571428571429,0.125,2.72727272727273,4.1,2.75,1.13333333333333
"224",0.428571428571429,0.375,2.90909090909091,3.2,3.125,1.26666666666667
"225",0.714285714285714,0.5,3.81818181818182,3.5,3.75,2.46666666666667
"226",0.571428571428571,0.125,2,3.7,1.375,1
"227",0.714285714285714,0.375,2.90909090909091,3.5,2.5,2.13333333333333
"228",0.857142857142857,0.125,2.36363636363636,3,1.75,1.66666666666667
"229",0.285714285714286,0.5,4.45454545454545,2.5,4.75,2.93333333333333
"230",0.714285714285714,0.25,4.54545454545455,3.7,3.125,1.2
"231",0,1,1.54545454545455,3.8,1.25,1.06666666666667
"232",0.714285714285714,0.5,3.09090909090909,3.1,2.25,2.46666666666667
"233",0.714285714285714,0,1.90909090909091,3.4,1.875,1
"234",0.857142857142857,0.25,3.72727272727273,3.6,3.125,1.26666666666667
"235",0.857142857142857,0.625,2.63636363636364,4.2,3.375,1.93333333333333
"236",0.571428571428571,0,4.09090909090909,4.1,2,1.8
"237",0,0.5,4,3.4,3.75,1.93333333333333
"238",1,0,3,2.3,3.625,1
"239",0.142857142857143,0.25,3.18181818181818,3.1,3.625,1.66666666666667
"240",0.142857142857143,0.75,3.09090909090909,4.5,1.75,1.66666666666667
"241",0.714285714285714,0.375,3.45454545454545,2.8,3.125,2.6
"242",0.285714285714286,0.25,3.54545454545455,3.4,2.875,1.46666666666667
"243",0.714285714285714,0.125,3.18181818181818,2.9,2.25,1.46666666666667
"244",0.571428571428571,0.25,3.81818181818182,3.6,2.75,1.73333333333333
"245",1,0.125,3.81818181818182,3.9,2,1.66666666666667
"246",0.571428571428571,0.25,4.18181818181818,3.6,2.375,2.06666666666667
"247",0.714285714285714,0.5,5.09090909090909,2.8,3.375,2.6
"248",0,0.375,3,3.9,2.75,1.86666666666667
"249",0.714285714285714,0.5,4.54545454545455,3.9,3,2.53333333333333
"250",0.428571428571429,0.375,4.36363636363636,2.4,3.625,1.73333333333333
"251",0.714285714285714,0.625,3.63636363636364,3.4,2.75,2.6
"252",1,0.75,4.18181818181818,3.1,3,2.86666666666667
"253",0.857142857142857,0.75,3.63636363636364,2.4,3.5,1
"254",0.857142857142857,0.625,3.27272727272727,3.9,3.25,2.06666666666667
"255",0.571428571428571,0.125,3.72727272727273,2.7,1.875,1.46666666666667
"256",0,0.875,2.81818181818182,3.6,2.25,1.4
"257",0.285714285714286,0.625,4.09090909090909,3.3,3.125,2.06666666666667
"258",0.428571428571429,0.5,4,2.8,2.875,2.73333333333333
"259",0.142857142857143,0.875,2.45454545454545,3.9,1.875,1
"260",0.428571428571429,0.125,2.90909090909091,1.8,3.375,1.2
"261",0.857142857142857,0.5,2,2.1,2.375,2.2
"262",0.714285714285714,0.25,2.36363636363636,3.5,2,1.26666666666667
"263",0.714285714285714,0,2.36363636363636,3.9,1.625,1
"264",0,0.25,3.72727272727273,2.6,3.625,1.6
"265",0.714285714285714,0.5,3.18181818181818,3.4,2.625,1.6
"266",0.571428571428571,0,2.18181818181818,2.2,1.375,1
"267",0.714285714285714,0.125,3,4.4,2.375,1
"268",0.285714285714286,0.625,2.54545454545455,4.2,1.5,1.13333333333333
"269",0.714285714285714,0.375,2.81818181818182,3.8,2.375,3.33333333333333
"270",0.285714285714286,0.125,2.36363636363636,2.1,2,1
"271",0.285714285714286,0.5,3.36363636363636,2.4,3,1.93333333333333
"272",0.285714285714286,0.875,4.18181818181818,3.4,3,2.46666666666667
"273",0.571428571428571,0.375,1.45454545454545,2.3,3.375,2.53333333333333
"274",0.857142857142857,0.125,3.09090909090909,4.2,2,1.6
"275",0.142857142857143,0.5,2.63636363636364,3.4,3.25,1
"276",0.142857142857143,0.625,3.18181818181818,2.6,4.125,1.26666666666667
"277",0.714285714285714,0.375,3.72727272727273,3,3.375,1.33333333333333
"278",1,0.125,2.18181818181818,3.8,1.875,2
"279",0.142857142857143,0.5,3.45454545454545,2.9,3.25,1.46666666666667
"280",0.428571428571429,0.625,4.63636363636364,2,4,2.4
"281",0.428571428571429,0.125,4,3.7,2,1.73333333333333
"282",0.285714285714286,0,4,3.4,3,2.13333333333333
"283",0.714285714285714,0.5,2.72727272727273,4,2.5,1.4
"284",0.428571428571429,0.5,3.90909090909091,4.7,2.5,1.66666666666667
"285",0.571428571428571,1,3.81818181818182,2.6,2.5,1.8
"286",1,0.25,3.45454545454545,3.6,2.875,1.33333333333333
"287",0.571428571428571,0.75,2.45454545454545,2.9,2.75,1.26666666666667
"288",0,0.875,2.72727272727273,4.6,2,1.6
"289",0.857142857142857,1,3.63636363636364,3.1,3,2.13333333333333
"290",0.285714285714286,0.75,3.90909090909091,3.6,3,1.73333333333333
"291",0.428571428571429,0,2.09090909090909,4.7,3.25,1.13333333333333
"292",1,0.25,4,4.5,3.125,1.53333333333333
"293",0.714285714285714,0.625,2,2.9,3.125,2.33333333333333
"294",0.714285714285714,0,2.27272727272727,3.4,1.875,1.13333333333333
"295",0.571428571428571,0.125,2.81818181818182,3.3,1.75,1.26666666666667
"296",1,0.875,3.27272727272727,3.7,3.125,1.26666666666667
"297",0.714285714285714,0.625,4.18181818181818,3.9,3.5,2.13333333333333
"298",0.571428571428571,0.75,3.63636363636364,3.5,3.625,1.53333333333333
"299",0.857142857142857,0.5,4.09090909090909,3.8,2.625,1.66666666666667
"300",0.857142857142857,1,4.09090909090909,3.1,4,2.26666666666667
"301",0.714285714285714,0.25,2.54545454545455,4.4,1.375,1.06666666666667
"302",0.428571428571429,0,3,4.2,2.375,1.46666666666667
"303",0.285714285714286,0.875,3.72727272727273,3.2,3.125,2
"304",0.142857142857143,0.875,4.45454545454545,1.4,4.5,1.73333333333333
"305",0.857142857142857,0.75,3.72727272727273,4,4,2
"306",0.285714285714286,0.75,4,2.9,3.125,1.2
"307",1,0.75,4,2.6,3.25,1.8
"308",0.571428571428571,0.5,3.72727272727273,3.1,2.875,4
"309",0.428571428571429,0.875,5.81818181818182,2.8,2.625,2.26666666666667
"310",0.714285714285714,0.5,3.36363636363636,2.4,3.125,1.8
"311",0.142857142857143,0,4.72727272727273,3.5,3.125,3
"312",1,1,4.09090909090909,4,4,3
"313",0.857142857142857,0.5,3.54545454545455,3.5,2.875,1.86666666666667
"314",0.428571428571429,0.75,2.09090909090909,3.5,3.125,1.6
"315",0.142857142857143,0.625,5,2.7,4,1.8
"316",1,0.125,1.72727272727273,3,2.5,1.33333333333333
"317",0,0.5,4.45454545454545,3.7,3.125,1.93333333333333
"318",0.714285714285714,0.25,4.27272727272727,3.3,3.625,1.73333333333333
"319",0.571428571428571,0.875,3.72727272727273,3.4,3.625,1.6
"320",0.285714285714286,0.375,4.18181818181818,3.7,2.75,2.06666666666667
"321",0.428571428571429,0.125,4.36363636363636,4.2,2.125,1.66666666666667
"322",0.571428571428571,0.625,3.63636363636364,3.6,2,1.33333333333333
"323",0.571428571428571,0.625,4.27272727272727,3.7,2.625,1.73333333333333
"324",0.571428571428571,0.875,4.27272727272727,4.4,3.625,2.73333333333333
"325",0.285714285714286,0.375,2.63636363636364,2.8,2.875,2.53333333333333
"326",0.428571428571429,0,2.90909090909091,3.9,3.5,1.4
"327",0.857142857142857,0.75,4.18181818181818,3.8,2.875,2
"328",0.285714285714286,0.5,4.2,2.7,3.5,2.6
"329",0.571428571428571,0,3,3.1,2.875,1
"330",0.428571428571429,0.75,3.54545454545455,3.2,3.875,1.8
"331",1,0.875,3.63636363636364,4.6,3.875,2.93333333333333
"332",0.428571428571429,0.5,4.27272727272727,3.5,3.5,1.73333333333333
"333",0.571428571428571,0.25,3.72727272727273,3.4,1.875,1.66666666666667
"334",0.285714285714286,0.5,3.72727272727273,2.9,2.75,2.33333333333333
"335",0.857142857142857,0.375,4.90909090909091,3.6,3.125,1.73333333333333
"336",0.571428571428571,0.375,2,3.6,2,1
"337",0.428571428571429,1,2.54545454545455,3.5,3.125,1.53333333333333
"338",0.857142857142857,0.625,3.09090909090909,3.1,3,1.93333333333333
"339",1,0.5,1.90909090909091,2.9,1.75,1.6
"340",0.571428571428571,0.625,3.45454545454545,3.1,3.25,2.73333333333333
"341",0.857142857142857,0.75,4.18181818181818,3.1,3,2.86666666666667
"342",0,1,2.09090909090909,4.3,1.875,2.46666666666667
"343",0.285714285714286,0.75,2.81818181818182,3.6,2.25,1.13333333333333
"344",0,0,4.36363636363636,3,3.125,2.06666666666667
"345",0.714285714285714,1,4.36363636363636,1.9,1.875,2.8
"346",0.714285714285714,0.875,4.90909090909091,2.7,2.625,2.4
"347",0.428571428571429,0.125,4,3,3,1
"348",1,0,1.54545454545455,4.6,1,1.2
"349",0.857142857142857,0.125,2.81818181818182,3.7,2.875,2.46666666666667
"350",0.714285714285714,0.75,3.27272727272727,2,3.5,1.93333333333333
"351",0.428571428571429,0.625,3.45454545454545,4.1,3.25,1.4
"352",0.714285714285714,0.875,3,3,3,1.53333333333333
"353",0.285714285714286,0.125,5.18181818181818,3.2,2.875,2.46666666666667
"354",0.285714285714286,0.75,2.45454545454545,3.6,2.25,1.4
"355",0.714285714285714,0.625,4.63636363636364,2.2,3.5,1.86666666666667
"356",0.285714285714286,0.625,3.18181818181818,2.8,3.625,1.33333333333333
"357",0.714285714285714,0.75,7,3.1,3.125,1
"358",0.714285714285714,0.5,3.36363636363636,4.5,2.625,1.4
"359",0.857142857142857,0.5,3.81818181818182,3.5,2.75,1.6
"360",0.714285714285714,1,1.90909090909091,3.7,2,2.06666666666667
"361",0.571428571428571,0.5,4.45454545454545,3,3.125,1.73333333333333
"362",0.285714285714286,0.625,4.09090909090909,2.9,1.875,1.4
"363",0.857142857142857,0.75,3,3,2.875,2.4
"364",0.714285714285714,0.375,2.54545454545455,2.9,2.625,1.06666666666667
"365",0.285714285714286,0.375,4.09090909090909,2.5,3.5,1.46666666666667
"366",0.571428571428571,0.875,3.72727272727273,3.4,3.375,1.8
"367",0.857142857142857,0,1.54545454545455,4.7,1.5,1.06666666666667
"368",0.857142857142857,0.625,3.63636363636364,3.1,3,2.06666666666667
"369",0.285714285714286,0.25,3.36363636363636,3.3,2.125,1
"370",0.714285714285714,0,3.63636363636364,4.2,2.625,1.06666666666667
"371",0.285714285714286,1,6.81818181818182,1,3,3.66666666666667
"372",0.142857142857143,0.25,2.63636363636364,3.5,3.25,1.13333333333333
"373",0.285714285714286,0.625,4,3.9,2,1.8
"374",0.714285714285714,0.5,4.54545454545455,2.7,2.875,3.13333333333333
"375",0.428571428571429,0.875,3.09090909090909,2.2,2.75,2.26666666666667
"376",0.428571428571429,0.25,3.90909090909091,4.2,2.75,1.8
"377",0.428571428571429,0.875,4.45454545454545,2.9,3.375,1.33333333333333
"378",0.428571428571429,0,2.81818181818182,2.4,1.5,1
"379",0.428571428571429,0.125,2.45454545454545,3.1,2.125,1.73333333333333
"380",0.714285714285714,0.5,3.1,3.8,3.125,1.66666666666667
"381",0,0.625,3.36363636363636,3,3,1.4
"382",0.142857142857143,0.875,1.72727272727273,3.8,1.75,1
"383",0.714285714285714,0.25,2.45454545454545,3.7,1.875,1.33333333333333
"384",0.571428571428571,0.25,3.63636363636364,3.7,2.375,1.4
"385",0.714285714285714,0.125,2,3.7,2.5,1.06666666666667
"386",0,0.125,6.72727272727273,5,5,1
"387",0.428571428571429,1,4.09090909090909,3.6,3.875,1.93333333333333
"388",0.714285714285714,0.375,3.63636363636364,3.2,2.875,1.86666666666667
"389",0,1,2.09090909090909,3.6,2.125,1
"390",0.428571428571429,1,4.18181818181818,3.1,3.5,2.13333333333333
"391",0.285714285714286,0.25,4.81818181818182,2.4,3.5,1.46666666666667
"392",0.142857142857143,1,5.45454545454545,1.7,4.875,3.46666666666667
"393",0.428571428571429,0.125,4.27272727272727,3.5,1.625,1.4
"394",0.857142857142857,0.75,4.18181818181818,2.9,3.25,1.66666666666667
"395",0.142857142857143,0.75,3.36363636363636,2.7,3.25,3.13333333333333
"396",0.285714285714286,0.375,3.27272727272727,3.3,3.75,1.6
"397",0.428571428571429,0,4.18181818181818,3.6,2.375,1.2
"398",0.857142857142857,0.125,1.45454545454545,4.4,1.875,1.13333333333333
"399",0.714285714285714,0.375,3.18181818181818,3.9,2.375,1.26666666666667
"400",0.714285714285714,0.375,2.81818181818182,3.8,3.5,1.33333333333333
"401",0.714285714285714,0.125,2.90909090909091,4.4,2.125,1.2
"402",0.428571428571429,0,2,4.9,1.625,1
"403",0.857142857142857,0.625,2.45454545454545,2.6,2.625,2.2
"404",0,0.375,4.27272727272727,1.5,3,2.86666666666667
"405",1,1,2.90909090909091,2,2.125,2.46666666666667
"406",0.285714285714286,0.625,2.09090909090909,3.5,2.125,1.2
"407",0.142857142857143,0.125,2.72727272727273,3.5,1.625,1.06666666666667
"408",0.142857142857143,0.375,1.81818181818182,3,3.375,1.26666666666667
"409",0.714285714285714,0.25,3.72727272727273,2.4,3,1.2
"410",0.857142857142857,0.875,4.27272727272727,2.5,3.625,1.86666666666667
"411",0.714285714285714,0.75,2.90909090909091,3.1,3.75,2.73333333333333
"412",0.285714285714286,0,4.27272727272727,3.3,2.875,1.4
"413",0.428571428571429,0.875,3.63636363636364,3.6,2.875,1.86666666666667
"414",0.285714285714286,0.375,4.36363636363636,3.5,2.875,1.26666666666667
"415",0.428571428571429,1,2.63636363636364,4.5,1,1.33333333333333
"416",1,0,3.81818181818182,4.3,2,1.6
"417",0.285714285714286,0.25,2.27272727272727,3.7,2.5,1
"418",0.285714285714286,0.875,4.36363636363636,3.2,4.625,2.73333333333333
"419",0.428571428571429,0.5,4.18181818181818,3.3,3.375,1.73333333333333
"420",0.714285714285714,1,6.18181818181818,1,5,4
"421",0.857142857142857,0,1.54545454545455,4.6,1,1.66666666666667
"422",1,1,7,5,5,4
"423",0.571428571428571,0.375,3.54545454545455,2.4,2.875,2.26666666666667
"424",0.428571428571429,0.375,3.81818181818182,2.9,3.25,1.4
"425",1,0.5,4.63636363636364,3.5,3.75,2.13333333333333
"426",0.571428571428571,0.125,3,3.9,2,1.13333333333333
"427",0.857142857142857,0.25,3.45454545454545,4.4,3,1
"428",0.714285714285714,0.875,2.27272727272727,3.1,2.875,2.8
"429",0.142857142857143,0.5,3,3.2,3.375,1.46666666666667
"430",0.571428571428571,0.25,3.27272727272727,3.8,2.625,1.06666666666667
"431",0.714285714285714,0.375,3.81818181818182,2.7,3.5,1.26666666666667
"432",0.142857142857143,0.875,2.90909090909091,3.7,2.625,2.06666666666667
"433",0.571428571428571,0.125,4,2.7,2.25,2.26666666666667
"434",0.571428571428571,0.5,4.09090909090909,3.7,3.75,1.73333333333333
"435",0.571428571428571,0.875,4.45454545454545,3.3,3.625,2
"436",1,1,3.45454545454545,3.5,2.875,4
"437",0.428571428571429,0.875,4.90909090909091,3,3,2.26666666666667
"438",0.142857142857143,0.375,3,2.7,2.75,1.33333333333333
"439",0.857142857142857,0.625,3.81818181818182,2.4,2.625,1.6
"440",0.428571428571429,0.5,3.72727272727273,2.9,2,1.26666666666667
"441",0.571428571428571,0.375,4,3.6,2,1
"442",0.714285714285714,0.75,3.90909090909091,3.4,2.75,2.4
"443",0.142857142857143,0.375,3.54545454545455,2.9,2.625,1.66666666666667
"444",0.428571428571429,0.5,3.18181818181818,3.2,3.25,1.8
"445",0.428571428571429,0.375,4.09090909090909,3,2.25,1.4
"446",1,0.125,1.90909090909091,4.6,2.75,1.06666666666667
"447",1,0.875,5.36363636363636,5,5,1
"448",0.142857142857143,1,1.72727272727273,3.7,1.75,1.73333333333333
"449",0.571428571428571,0.875,3.81818181818182,1.4,1.625,1.66666666666667
"450",0.714285714285714,0,3.90909090909091,4.5,2.75,1
"451",1,0.625,1.72727272727273,3.6,3.625,1.33333333333333
"452",0.428571428571429,0.125,4.27272727272727,2.9,2.875,2.33333333333333
"453",0.857142857142857,0.375,4.54545454545455,4.8,2.875,2.06666666666667
"454",0.714285714285714,0.75,4,3.5,2.5,1.93333333333333
"455",0.714285714285714,0.625,5.27272727272727,4.5,2.625,1.86666666666667
"456",0.428571428571429,0.5,3.27272727272727,2.9,2.625,3
"457",0.857142857142857,0.875,4,4.3,3.625,3.53333333333333
"458",0.285714285714286,0.75,3.36363636363636,4.3,1.375,1.13333333333333
"459",0.571428571428571,0.625,2.72727272727273,3.7,2.75,1.33333333333333
"460",0.714285714285714,0.5,4.27272727272727,4,4,2
"461",0.142857142857143,0.5,2.36363636363636,3.8,3.375,1.33333333333333
"462",0.142857142857143,0.375,4,3.9,1.875,1.2
"463",0.142857142857143,0.625,4.09090909090909,3.2,3.25,2.06666666666667
"464",0.571428571428571,0.375,3.36363636363636,4,3.75,2
"465",0.857142857142857,0.375,3.18181818181818,3.1,3.625,1.4
"466",1,1,3.18181818181818,3.2,3,1.93333333333333
"467",0.285714285714286,0.125,3.36363636363636,2.1,2,1
"468",1,0.5,4.2,4.1,3.5,2.53333333333333
"469",0.428571428571429,0.75,2.90909090909091,3.2,2.5,1.46666666666667
"470",0.142857142857143,0.125,2.90909090909091,3.4,2.5,1.73333333333333
"471",0.428571428571429,0.5,2.27272727272727,3,4.375,1.13333333333333
"472",0.428571428571429,0.375,2.54545454545455,3.1,3,1.73333333333333
"473",1,0,1.27272727272727,4.2,1.75,1.06666666666667
"474",0.714285714285714,0,2,4.8,1.5,1.2
"475",0.142857142857143,0.875,2.09090909090909,3.9,1.75,1.2
"476",0.428571428571429,1,2.09090909090909,3.5,3.125,1.6
"477",0.714285714285714,0,2.81818181818182,3.6,2.75,1.66666666666667
"478",0.714285714285714,0.875,3.72727272727273,2.8,4.375,2
"479",0.857142857142857,0.75,5.09090909090909,3,3.125,2.4
"480",0.285714285714286,0.5,4.18181818181818,2.9,3.25,1.26666666666667
"481",0.857142857142857,0,2.09090909090909,3.4,1.125,1.2
"482",0.857142857142857,0.25,5.27272727272727,3.7,2.125,1.66666666666667
"483",0.285714285714286,0.625,2,2,2,1
"484",0.857142857142857,0.25,2,4.2,2.5,1.46666666666667
"485",1,0.5,4,3,3.125,1.26666666666667
"486",0.714285714285714,0.5,3.33333333333333,3.8,3.125,1.66666666666667
"487",0.857142857142857,0.875,2,4,4,2
"488",0.571428571428571,0.875,2.90909090909091,3.8,3.25,2.06666666666667
"489",0.142857142857143,0.5,2.81818181818182,2.6,3,1.33333333333333
"490",0.142857142857143,0.875,4.54545454545455,3,3,2.06666666666667
"491",0.428571428571429,0,1.63636363636364,4.1,1.5,1
"492",0.428571428571429,0.75,4.45454545454545,3.7,2.75,1.46666666666667
"493",0.428571428571429,0.75,4.09090909090909,4,4,1.26666666666667
"494",0.571428571428571,0.125,1.54545454545455,4.9,2.375,1
"495",0.428571428571429,0.5,3.90909090909091,3.8,3.5,1.93333333333333
"496",0.428571428571429,1,2.09090909090909,3.5,3,1.53333333333333
"497",0.428571428571429,0,3.54545454545455,2.5,3.125,1.93333333333333
"498",0.714285714285714,0.5,3.18181818181818,3.6,2.5,2.53333333333333
"499",0.571428571428571,0.125,4.18181818181818,2.7,3.375,2.2
"500",0.142857142857143,0.125,3.72727272727273,3.2,2.5,1.73333333333333
"501",0.857142857142857,0.125,2.09090909090909,4.4,2.25,1.33333333333333
"502",0.285714285714286,0.875,2,2.7,2.75,1.53333333333333
"503",0.142857142857143,0.625,3.90909090909091,3.5,3.625,1.93333333333333
"504",0.857142857142857,0.375,1.90909090909091,4.2,1.75,1.13333333333333
"505",0,0.75,3.72727272727273,3.5,2.5,1.26666666666667
"506",0.714285714285714,0,1.90909090909091,3.2,3,1
"507",0.714285714285714,0.875,3.90909090909091,3.9,3.125,1.86666666666667
"508",0.714285714285714,0.75,1.36363636363636,4.6,2.875,1.2
"509",0,0.875,3.81818181818182,4.3,2.375,1.86666666666667
"510",0.428571428571429,0.375,3.27272727272727,3.6,3.25,1.53333333333333
"511",0.428571428571429,0.625,3.90909090909091,2.6,2.75,1.73333333333333
"512",1,0.125,1.90909090909091,3.6,1.625,1
"513",0.714285714285714,0.875,4.18181818181818,2.6,2.75,2.4
"514",0,0.375,3.81818181818182,3.4,3.125,1.46666666666667
"515",0.571428571428571,0.875,4.81818181818182,2,2,1.93333333333333
"516",0.428571428571429,0.5,2.54545454545455,2.4,4,1.6
"517",0.714285714285714,0.5,3.72727272727273,4.2,2.875,1.6
"518",0.285714285714286,0.75,3.54545454545455,2.1,3.25,1.8
"519",1,0.25,2.90909090909091,3.9,2.5,1.66666666666667
"520",0.857142857142857,0.875,4.18181818181818,4.3,3.625,3.73333333333333
"521",0.571428571428571,0.25,1.54545454545455,4,3.25,1.13333333333333
"522",0.428571428571429,0.875,1.45454545454545,4.5,2.125,1
"523",1,0.142857142857143,2.09090909090909,4.4,1,1.06666666666667
"524",0.142857142857143,0.375,3.45454545454545,2.6,3,2.26666666666667
"525",0.285714285714286,0.75,4.72727272727273,2.1,3.5,3.4
"526",1,1,2,2,2,2
"527",0.428571428571429,0.125,3.90909090909091,2.6,4.75,3.33333333333333
"528",0.714285714285714,1,3.81818181818182,3,3,2
"529",0.714285714285714,0.25,3.63636363636364,3.6,3.125,1.66666666666667
"530",1,0,2.18181818181818,4.6,1,1
"531",0.714285714285714,0,3.63636363636364,4.2,2.625,1.06666666666667
"532",0.428571428571429,1,3,3.3,2.375,1
"533",1,0.25,3,3.7,3,1.66666666666667
"534",0.857142857142857,0.25,2.81818181818182,3.6,2.875,1.33333333333333
"535",0.428571428571429,0.625,3.54545454545455,2.8,2.625,1.6
"536",0.285714285714286,0.875,2.36363636363636,3.4,1.875,1.46666666666667
"537",0.285714285714286,0.875,4.81818181818182,2.8,4,2.4
"538",0.714285714285714,0.25,3.27272727272727,4.5,2.5,1.13333333333333
"539",0.571428571428571,0.75,6.27272727272727,1.5,2.5,1.26666666666667
"540",0.285714285714286,0.375,4.72727272727273,3.3,2.875,1.86666666666667
"541",0.571428571428571,0.375,2.90909090909091,3.1,1.875,2.33333333333333
"542",0,0.375,4.45454545454545,3.5,3.75,2.86666666666667
"543",0,1,1.72727272727273,4,1.5,1.46666666666667
"544",0.142857142857143,1,2.54545454545455,3.9,1.375,1
"545",0.714285714285714,1,4.27272727272727,2.7,3.25,2.73333333333333
"546",0.571428571428571,0.125,2.54545454545455,3,4,2.13333333333333
"547",0.428571428571429,0.875,3.81818181818182,1.9,4,2.86666666666667
"548",0.857142857142857,0.75,4.45454545454545,2.9,3.5,2.8
"549",0.428571428571429,0.25,2.54545454545455,2.8,3,1.26666666666667
"550",0.714285714285714,0.75,3.90909090909091,3,2.75,1.53333333333333
"551",0.142857142857143,0.5,3.81818181818182,3.4,3.25,1.4
"552",0.857142857142857,0.125,2.63636363636364,3.2,2.375,1.4
"553",0.857142857142857,1,4.90909090909091,3.2,2.625,2.73333333333333
"554",0.714285714285714,0.125,4.09090909090909,4.7,3,1.86666666666667
"555",0,0.875,1.54545454545455,4.7,1.125,1
"556",0.428571428571429,0.75,1.54545454545455,3.2,2,1
"557",0.571428571428571,0.125,3.72727272727273,3.8,3,2.53333333333333
"558",0.428571428571429,0.375,3,3.4,2.25,1.06666666666667
"559",0.142857142857143,0.375,3.27272727272727,3.3,3.75,1.66666666666667
"560",0.142857142857143,0.625,2.27272727272727,5,2.125,1
"561",0.428571428571429,0.25,3.72727272727273,4.1,1.875,1.66666666666667
"562",0.857142857142857,0.125,1.72727272727273,4.6,2.375,1.2
"563",0.428571428571429,0.75,6.36363636363636,1.8,5,3.46666666666667
"564",0.571428571428571,0.5,3.63636363636364,3.7,3.125,2.26666666666667
"565",1,1,4.63636363636364,2.9,3.25,3
"566",0.571428571428571,0.625,3.81818181818182,3.1,3.375,2.53333333333333
"567",0.428571428571429,0.375,3.27272727272727,3.7,2.125,1.26666666666667
"568",0.857142857142857,0.5,3.18181818181818,4,2.5,1.53333333333333
"569",0.142857142857143,1,3.81818181818182,3.1,3.5,1.73333333333333
"570",0.571428571428571,1,4,3.7,2.625,2.4
"571",0.571428571428571,0.625,3.72727272727273,3.3,3.375,2
"572",0.285714285714286,0.125,3.36363636363636,3,2.375,1.53333333333333
"573",0.142857142857143,0.625,1.54545454545455,3.8,1,1
"574",0.714285714285714,0,2.36363636363636,4.1,2.625,1.06666666666667
"575",1,0.25,5.18181818181818,3.6,2.625,1.8
"576",0.571428571428571,0.875,2.09090909090909,4,2.625,1.4
"577",0.857142857142857,0.125,3.63636363636364,4.1,1.875,1.73333333333333
"578",0.571428571428571,0.125,4.09090909090909,2.6,3.875,2
"579",0.714285714285714,0.625,4.09090909090909,2.1,4.625,3.6
"580",0.714285714285714,0.25,3.81818181818182,3.8,2.625,1.73333333333333
"581",0.142857142857143,0.875,1.27272727272727,4.4,1.25,1
"582",0.285714285714286,0.875,2.54545454545455,2.6,4.625,1.93333333333333
"583",0.714285714285714,0,2.54545454545455,4.3,2.125,1.93333333333333
"584",0,0.25,3.72727272727273,3.4,3.375,2
"585",0.285714285714286,0.125,3.09090909090909,2.9,2.25,1.06666666666667
"586",0.714285714285714,0.375,3.45454545454545,3.3,1.875,1.46666666666667
"587",0.571428571428571,0.5,5.81818181818182,3.8,2.75,1.4
"588",0.857142857142857,1,5.27272727272727,5,5,3
"589",0.857142857142857,0.25,1.54545454545455,4.2,1.375,1
"590",0.857142857142857,0.75,3.63636363636364,2.9,3.5,1.26666666666667
"591",0.857142857142857,0.5,4.45454545454545,3,2.75,1.73333333333333
"592",0.142857142857143,0.75,2,3.3,2.125,1.2
"593",1,0.25,2.81818181818182,3.2,1.5,1
"594",0.428571428571429,0.875,5.54545454545455,2.8,3.125,3
"595",0.142857142857143,0.5,4.45454545454545,3.6,2.875,2.66666666666667
"596",0.571428571428571,0.375,4.18181818181818,2.7,3.375,3.2
"597",0.714285714285714,0.75,2.72727272727273,3.5,3.625,2.46666666666667
"598",0.714285714285714,0.625,2.72727272727273,3.1,3.5,1.86666666666667
"599",0.428571428571429,0.875,1,4.6,2.5,1
"600",0,0.75,3.36363636363636,3.3,3.625,1
"601",0.857142857142857,0,1.54545454545455,4.3,1.125,1
"602",0.142857142857143,0.875,1.90909090909091,4.2,2,1.46666666666667
"603",0.857142857142857,0.375,3.27272727272727,3.7,3.125,1
"604",0.714285714285714,0.25,3.09090909090909,2.3,2.5,2.53333333333333
"605",1,0,1.54545454545455,3.8,2.25,1.26666666666667
"606",0.857142857142857,0.5,3.90909090909091,3.7,3.875,1.86666666666667
"607",0.428571428571429,0.75,3.27272727272727,3.8,2.25,1.73333333333333
"608",0.571428571428571,0.75,3,2.8,3.125,1.66666666666667
"609",0.857142857142857,0.125,1.72727272727273,3.6,1.5,1.2
"610",0.857142857142857,1,4.36363636363636,3.6,3.25,2.86666666666667
"611",0,0.75,4.45454545454545,2.9,4,2.8
"612",0.142857142857143,0.75,1,3.5,3,1.13333333333333
"613",0.142857142857143,1,1.81818181818182,4.1,1.75,1.06666666666667
"614",0.142857142857143,0.625,2.45454545454545,3.6,2.875,1.2
"615",0.714285714285714,0.25,3.18181818181818,3.2,2.375,2.93333333333333
"616",0.714285714285714,0.375,4.36363636363636,2.6,3.5,1.26666666666667
"617",0.714285714285714,0.125,2.72727272727273,4.1,2.625,1.53333333333333
"618",0.285714285714286,0,1.54545454545455,4.3,1.625,1
"619",0.142857142857143,0.875,1.90909090909091,3.7,1,2.53333333333333
"620",1,0.875,1.54545454545455,2.8,2,3
"621",0.714285714285714,0.125,2.54545454545455,4.1,2.25,1.06666666666667
"622",0.857142857142857,0.25,2.54545454545455,3.2,2.625,1.6
"623",0.571428571428571,0.375,3.54545454545455,3.7,3.625,1.73333333333333
"624",0.142857142857143,0,2.81818181818182,4.1,3.125,2.46666666666667
"625",0.142857142857143,0,4.90909090909091,3.1,4.125,3.2
"626",0.571428571428571,1,2.90909090909091,3.2,2.375,1.53333333333333
"627",0.428571428571429,0.375,2.63636363636364,4.4,3.25,1.06666666666667
"628",0.571428571428571,0.375,2.90909090909091,3.9,3.375,1.26666666666667
"629",0.285714285714286,0.875,3.36363636363636,4.2,1.125,1.06666666666667
"630",0.857142857142857,0.5,3.09090909090909,3,3.625,1
"631",0.571428571428571,1,3.81818181818182,2.4,2.25,2.46666666666667
"632",0.571428571428571,0.5,3,4,2.5,1.4
"633",0.285714285714286,1,4.09090909090909,2.5,4.125,2
"634",0.142857142857143,0.25,3.09090909090909,3.4,3.5,1.6
"635",0.714285714285714,0.5,1.90909090909091,2.5,3,1.26666666666667
"636",1,1,3.81818181818182,2.9,4.375,4
"637",1,0.25,2.36363636363636,4.4,2,1.46666666666667
"638",0.714285714285714,0.25,3.72727272727273,4.1,2.375,1.8
"639",0.571428571428571,0.75,1.81818181818182,4.1,2.25,1.06666666666667
"640",1,0.25,2.54545454545455,3.5,2.5,1.2
"641",0.857142857142857,0,1.90909090909091,4,2.125,1
"642",0.285714285714286,0.75,3.54545454545455,2.2,2.75,3.6
"643",0.714285714285714,0.75,3.54545454545455,3.1,3.25,1.53333333333333
"644",0,1,4,3,3,2.53333333333333
"645",0.428571428571429,0,3.72727272727273,4.3,1.125,1.13333333333333
"646",0.428571428571429,0.75,2.54545454545455,3.3,2.625,1.4
"647",1,0.375,4.90909090909091,3.6,3.375,3
"648",0.571428571428571,0.125,2.54545454545455,4,2.125,1.06666666666667
"649",0.428571428571429,0.25,2.09090909090909,2.7,3.125,1
"650",1,0,4.45454545454545,2.4,2.625,1.8
"651",1,0.5,3.36363636363636,3.9,2.125,1.66666666666667
"652",1,0.375,3.45454545454545,3.8,1.5,1.06666666666667
"653",0.428571428571429,0.875,5.45454545454545,3.2,3.25,3
"654",0.285714285714286,0.75,1.54545454545455,3.5,2.25,1.13333333333333
"655",0.142857142857143,0.875,2.72727272727273,3.9,2.375,1
"656",0.142857142857143,1,2.72727272727273,4.3,2.125,1
"657",0.285714285714286,0.75,1.63636363636364,4.6,2.375,1.33333333333333
"658",0.142857142857143,0.375,1.90909090909091,3.5,3.375,1.06666666666667
"659",0.714285714285714,0.25,2,4.3,3.125,2
"660",0.857142857142857,0.125,3.90909090909091,3,2.875,1.33333333333333
"661",0,1,1.54545454545455,3.5,1.75,1
"662",1,0.125,1.54545454545455,4,1.375,1.2
"663",0,0.625,2.18181818181818,3.7,2.625,1
"664",0.857142857142857,0.875,1.09090909090909,4.5,4.5,1.26666666666667
"665",0.714285714285714,0.25,3.09090909090909,4,2.75,1.53333333333333
"666",0,0,4.72727272727273,3.9,3.5,2
"667",1,0,1.27272727272727,4.4,1.5,1
"668",1,0.625,2.09090909090909,3.3,3.25,1.2
"669",0.285714285714286,1,1.45454545454545,3.3,2.25,1
"670",0.142857142857143,0.875,1.90909090909091,3.5,2.625,1.13333333333333
"671",0.857142857142857,0,1.27272727272727,4.4,1.5,1
"672",0,1,1.63636363636364,4.7,1.375,1
"673",0.571428571428571,0.625,3.63636363636364,2.6,2.375,2.53333333333333
"674",0.142857142857143,0.75,2.09090909090909,3.2,2.75,1.06666666666667
"675",0.571428571428571,0.25,2.36363636363636,3.4,3.625,2.46666666666667
"676",0.857142857142857,0,3.36363636363636,2.7,2.875,1.8
"677",0.571428571428571,1,1.54545454545455,2.5,1.375,1.2
"678",0.857142857142857,0.375,2.45454545454545,4.3,3.375,1.86666666666667
"679",0.142857142857143,0.875,2,4.2,2.25,1.73333333333333
"680",0.142857142857143,0.375,3.63636363636364,3.4,3.625,1.06666666666667
"681",0.714285714285714,0,2,3.9,2,1.26666666666667
"682",0.571428571428571,0.875,2.18181818181818,3.5,2.25,1.2
"683",0.428571428571429,0.75,1.63636363636364,3.2,2.875,2.53333333333333
"684",0.571428571428571,0.75,4.09090909090909,3.3,3.25,2.33333333333333
"685",0.142857142857143,0.375,1.45454545454545,3.1,2.875,2.13333333333333
"686",0.428571428571429,0.5,1.81818181818182,2.6,2.875,1
"687",0.142857142857143,0.625,1.63636363636364,3.7,3.25,1.93333333333333
"688",0.428571428571429,0.625,3.36363636363636,3.1,4.25,1.53333333333333
"689",0.285714285714286,0.375,1.63636363636364,3.5,2.875,2.26666666666667
"690",0,1,2.63636363636364,3.4,1.875,1.93333333333333
"691",0.285714285714286,0.75,3,4.1,2.5,1.2
"692",1,0.25,1.81818181818182,3.5,1.5,1
"693",0,0.75,4.18181818181818,3.3,2.375,2.6
"694",0,0.375,2.72727272727273,3.4,3.125,3.33333333333333
"695",0.428571428571429,0.25,2,3.6,1.5,1.4
"696",0.857142857142857,0.125,2.45454545454545,3.7,2.625,1.2
"697",0.714285714285714,0.375,2.36363636363636,3,3.5,1.8
"698",0,1,1.63636363636364,4.7,1.375,1
"699",0.142857142857143,0.375,2.09090909090909,3.4,2.25,1
"700",0.571428571428571,0.25,1.54545454545455,3.3,2,1.06666666666667
"701",0.571428571428571,0.5,1.36363636363636,3.8,1.5,1.6
"702",1,0.625,1.27272727272727,3.5,1.875,2.2
"703",0.571428571428571,1,1.09090909090909,4.6,1.5,1
"704",0,1,1.27272727272727,4.9,1,1.13333333333333
"705",0.714285714285714,0.125,1.36363636363636,4.4,2.25,1.06666666666667
"706",1,0.75,3.27272727272727,3.7,3.125,1.8
"707",0.857142857142857,0.5,2.63636363636364,3.2,3.25,1.4
"708",0,0.75,1.36363636363636,3.9,2.5,1.4
"709",0.142857142857143,0.75,1.63636363636364,3.9,2.125,1
"710",0.142857142857143,1,1.54545454545455,4.8,1.875,1
"711",0.857142857142857,0.375,2.72727272727273,4.2,3.375,1.86666666666667
"712",0.714285714285714,0.125,3.81818181818182,3.3,3.375,1.8
"713",0,1,1.18181818181818,3.4,1.625,1
"714",0.857142857142857,0.25,2.63636363636364,4,3.625,1.26666666666667
"715",0.285714285714286,1,2.63636363636364,3.9,2.125,1
"716",0.428571428571429,0.25,3.63636363636364,3,3,2
"717",0.428571428571429,0,2.90909090909091,2.7,2.5,1
"718",1,0.5,2.72727272727273,3.9,3.375,1.26666666666667
"719",0.571428571428571,0.25,4.36363636363636,3.2,2.625,1.8
"720",1,0,3,4.4,2,1.6
"721",0.571428571428571,0.125,2.90909090909091,2.7,2.375,1.86666666666667
"722",0.571428571428571,1,1.36363636363636,4.9,2.625,1.2
"723",0,1,1.54545454545455,3.6,1.75,1.13333333333333
"724",0.428571428571429,0.125,4.72727272727273,4.1,3,1.4
"725",0.857142857142857,0,1.45454545454545,4.4,1.75,1.73333333333333
"726",0.571428571428571,0.625,5.54545454545455,3.3,3.25,2.46666666666667
"727",0.142857142857143,0.875,2.90909090909091,4.2,2.125,1
"728",0.428571428571429,0.125,2.27272727272727,4.1,1.875,1
"729",0.285714285714286,0.5,2.72727272727273,4.1,3.375,1.73333333333333
"730",0.142857142857143,0.5,3.36363636363636,2.9,3.375,1.46666666666667
"731",0.571428571428571,0.75,3.81818181818182,2.4,2.625,3
"732",0.285714285714286,0.75,2,4.2,1.75,1
"733",0.285714285714286,1,1.63636363636364,4.4,2,1.06666666666667
"734",0.571428571428571,0,2.27272727272727,3.9,1.875,1.06666666666667
"735",0.428571428571429,0.625,1.54545454545455,3.3,2.5,1.13333333333333
"736",0.285714285714286,0.375,4.27272727272727,3.5,3,2.8
"737",0.285714285714286,0.375,2.09090909090909,3.3,2.875,1.4
"738",0.428571428571429,1,2.63636363636364,4.2,2,1.13333333333333
"739",0.857142857142857,0.375,3.09090909090909,3.2,3.75,1.13333333333333
"740",0.142857142857143,0.25,3.81818181818182,3.9,2.875,1.26666666666667
"741",0.571428571428571,0.125,2.54545454545455,4.7,2,1.13333333333333
"742",0.285714285714286,0.875,2.54545454545455,3.6,2.5,1.13333333333333
"743",1,0.125,3.45454545454545,3.5,3.25,2.33333333333333
"744",0.428571428571429,0,2,3.5,2.5,1.13333333333333
"745",0.571428571428571,0.75,4.36363636363636,4.3,4.375,1.6
"746",0.142857142857143,0.875,3,3.2,1.625,1
"747",0.285714285714286,1,1.09090909090909,4.5,2,1
"748",0.142857142857143,0.875,1,4.5,1.75,1
"749",0.142857142857143,1,4.45454545454545,4.2,2.75,1.4
"750",0.571428571428571,1,2.45454545454545,1.8,2.375,1.06666666666667
"751",0,0,2.90909090909091,3.2,3,2.33333333333333
"752",1,0.5,3.18181818181818,3.3,2.625,1.33333333333333
"753",0.142857142857143,1,1.54545454545455,4.6,2.5,1.06666666666667
"754",1,0,3,3.5,1.875,1
"755",0.428571428571429,0.5,3,4.1,3.25,1.33333333333333
"756",0.428571428571429,0.375,1.54545454545455,5,1,1
"757",0.285714285714286,0.5,1.63636363636364,4.1,3.75,4
"758",1,0,3.18181818181818,4.1,1.875,1.8
"759",0,0.875,1.90909090909091,4.4,2.5,1.2
"760",1,0,1.09090909090909,4.9,1,1
"761",0.285714285714286,0.875,1.54545454545455,4.5,1.25,1
"762",0.142857142857143,0.5,2.72727272727273,4.7,3.25,1.93333333333333
"763",0.714285714285714,0.25,2.81818181818182,4.1,3.125,1.4
"764",0.428571428571429,0.875,1.54545454545455,3.9,2.5,1.06666666666667
"765",0.142857142857143,1,1.63636363636364,4.7,1.75,1
"766",0.285714285714286,1,1.72727272727273,3.4,2.625,1
"767",0.571428571428571,0.625,3.36363636363636,3.6,2.5,1.86666666666667
"768",0.428571428571429,0.75,3.54545454545455,3,3,1.46666666666667
"769",0.857142857142857,0.25,3.18181818181818,3,2.5,2.33333333333333
"770",0.857142857142857,0.75,4,2.1,3.75,1.26666666666667
"771",0.571428571428571,0.875,3.63636363636364,2.5,3,1.4
"772",1,1,4.81818181818182,3.8,4,3
"773",0.714285714285714,0.25,1,4.2,2.375,1
"774",0.714285714285714,0,3.72727272727273,4.2,1.875,1
"775",1,1,5.72727272727273,3.6,3.5,3.33333333333333
"776",0.428571428571429,0.875,2.54545454545455,3.5,3.375,1
"777",0.285714285714286,0.75,1.54545454545455,4,4,1
"778",0.571428571428571,0,2.18181818181818,2.8,1.875,1.13333333333333
"779",0,1,2.27272727272727,4.4,2.5,1.06666666666667
"780",1,0,2.90909090909091,3.5,1.875,1.13333333333333
"781",0.571428571428571,0.625,3.54545454545455,2.8,3.5,1.66666666666667
"782",0.714285714285714,0,1,3.6,1.75,1.13333333333333
"783",0.857142857142857,0.75,3,4,2.375,1.4
"784",0.285714285714286,1,2.09090909090909,3.7,1.625,1
"785",0.285714285714286,0.75,3,4.3,2.125,1.86666666666667
"786",0,0.25,2.54545454545455,2.9,3,1.33333333333333
"787",1,0.375,2.90909090909091,4.5,2.75,1.4
"788",0.142857142857143,0.375,4.27272727272727,3.6,2.875,2.06666666666667
"789",0,0,4,3,3,2
"790",0.857142857142857,0,2.18181818181818,4.1,1.625,1
"791",0.285714285714286,0.75,2.54545454545455,3.6,3.625,1.4
"792",0.857142857142857,0.875,4.63636363636364,3,3.5,1.66666666666667
"793",0.857142857142857,0,3.09090909090909,4.1,1.375,1.66666666666667
"794",0.857142857142857,0,3.72727272727273,3.1,3.75,1
"795",0,0.75,2.54545454545455,3.3,1.75,1.2
"796",1,0,1.45454545454545,3.7,2.75,1.06666666666667
"797",0.857142857142857,0.875,2.18181818181818,3.2,3.75,1.4
"798",1,0.75,5.09090909090909,3.4,3.25,1.4
"799",0.571428571428571,0.25,1.54545454545455,3.6,2.875,1.26666666666667
"800",0.142857142857143,1,1.54545454545455,4.5,1.5,1.2
"801",0.428571428571429,0.375,2.63636363636364,3.4,3,1.33333333333333
"802",0.714285714285714,0.125,3.54545454545455,4.3,2.875,1.46666666666667
"803",0.285714285714286,0.875,2.63636363636364,3.6,2.125,1.2
"804",0.571428571428571,1,1.90909090909091,3.9,2.75,1
"805",0.857142857142857,0,3,2.7,1.875,1.2
"806",0.714285714285714,0.25,2.45454545454545,3.7,2.25,1.13333333333333
"807",0.428571428571429,0.5,2.63636363636364,3.2,2.625,1.06666666666667
"808",0.857142857142857,0,1.54545454545455,3.8,2.375,1
"809",0.857142857142857,0.5,3.45454545454545,3.7,2.125,1.53333333333333
"810",0.857142857142857,0.875,1.81818181818182,2.3,2.625,1.93333333333333
"811",0.428571428571429,0,1.18181818181818,3.9,1.5,1
"812",0,0.625,2.18181818181818,3.8,2.5,1.06666666666667
"813",0.428571428571429,0,3.54545454545455,3.4,1.875,1.46666666666667
"814",0.428571428571429,0.25,1.54545454545455,3.2,3.25,1.33333333333333
"815",1,0.25,2.81818181818182,3.2,1.5,1.06666666666667
"816",1,0.25,1.63636363636364,4,4,1.2
"817",0.285714285714286,1,1.63636363636364,4.1,1.25,1
"818",0.714285714285714,0,1.54545454545455,4.2,2.125,1.06666666666667
"819",0.857142857142857,0.125,1,5,1,1
"820",0.571428571428571,0.25,2.54545454545455,4,2.75,1.2
"821",0.142857142857143,1,1.54545454545455,4.9,1.5,1
"822",1,0,1.81818181818182,5,1,1
"823",0.571428571428571,0.375,1.90909090909091,3.6,1.375,1.2
"824",0.285714285714286,0.875,2.27272727272727,3.9,2.625,1
"825",0.428571428571429,0,3.18181818181818,3.4,2.375,1.26666666666667
"826",0.142857142857143,1,2.63636363636364,4.4,2.25,1
"827",0.142857142857143,0.5,4.18181818181818,4.2,2.875,1.26666666666667
"828",0.142857142857143,0.625,3.72727272727273,4.6,4.125,1.2
"829",0.571428571428571,0.875,2,4.2,3,1.73333333333333
"830",0.857142857142857,0.125,2.54545454545455,3.8,2.5,1.33333333333333
"831",0.285714285714286,0.75,3.36363636363636,3.1,2.875,1.4
"832",0.571428571428571,0.875,1.72727272727273,5,1.375,2.2
"833",0.428571428571429,1,1.54545454545455,4.6,1.5,1
"834",0.428571428571429,1,2.09090909090909,3.5,3.125,1.6
"835",0.285714285714286,0.75,1,4.7,2.125,1.46666666666667
"836",0.857142857142857,0.875,6.18181818181818,1.5,2.125,3.13333333333333
"837",0.571428571428571,0.75,4.18181818181818,3.5,3.75,2
"838",0.142857142857143,0.625,2.90909090909091,3.1,2.625,1.66666666666667
"839",0.285714285714286,0.25,4,3.8,3.5,1.26666666666667
"840",0.714285714285714,0.375,2,3.2,2.125,1.6
"841",0.714285714285714,0.5,3,4,2.5,1.4
"842",0.285714285714286,0.875,1.81818181818182,3.8,2.125,1.06666666666667
"843",0.714285714285714,0.375,1.36363636363636,4.1,2.125,1.2
"844",0.714285714285714,0.125,2.54545454545455,3.8,1.75,1.06666666666667
"845",0.857142857142857,0,2.45454545454545,3.7,2.125,1.2
"846",0.571428571428571,0.25,4.81818181818182,4,3.125,1.86666666666667
"847",0.142857142857143,0.625,2.81818181818182,3.6,3,1.33333333333333
"848",0.714285714285714,0.5,4.09090909090909,2.6,3.5,1.6
"849",0.428571428571429,0.625,2.54545454545455,3.9,2,1
"850",0.571428571428571,0.25,2.27272727272727,3.2,3.125,1.06666666666667
"851",0.285714285714286,0.625,3.81818181818182,3.3,1.875,1.73333333333333
"852",0.714285714285714,0.25,2.63636363636364,3.5,1.5,1
"853",0.285714285714286,0.5,3.90909090909091,3.8,2.75,1.53333333333333
"854",0.428571428571429,1,3.36363636363636,3.1,3.125,1.4
"855",0.142857142857143,0.125,3.72727272727273,2,3.75,1.66666666666667
"856",0.714285714285714,0.75,3.18181818181818,3.3,1.875,1.13333333333333
"857",0.285714285714286,0.25,5,3.9,2.75,1.66666666666667
"858",0.714285714285714,0.875,3.90909090909091,3.5,3.125,1.53333333333333
"859",0,0.875,1.09090909090909,4.4,1.75,1.13333333333333
"860",0.428571428571429,0,2.90909090909091,4,1.625,1.33333333333333
"861",0,1,3.27272727272727,4.4,2,1.26666666666667
"862",0.571428571428571,0.75,5.90909090909091,3,3.25,2.2
"863",0.428571428571429,0.375,4.81818181818182,3,3.125,2.06666666666667
"864",0.857142857142857,0.375,3.45454545454545,3.5,3.125,1.53333333333333
"865",0.857142857142857,0.5,2.36363636363636,4.1,3.125,1.6
"866",0.571428571428571,0.25,2.27272727272727,3.9,1.625,1.13333333333333
"867",0.428571428571429,0.75,1.63636363636364,3.7,2.25,1.13333333333333
"868",0.285714285714286,0.25,4.45454545454545,2.8,2.375,1.53333333333333
"869",1,0.375,2.27272727272727,3.2,3.125,1.13333333333333
"870",0.714285714285714,0,4.81818181818182,2.3,4.375,1.4
"871",0.857142857142857,0.375,1,4.3,1.75,1
"872",0.285714285714286,1,2.90909090909091,2.3,2.625,1.8
"873",0.142857142857143,0.125,2.81818181818182,3.4,2.125,1.4
"874",0.285714285714286,0.375,3.72727272727273,2.6,3.75,1.53333333333333
"875",0.571428571428571,0.25,3,2.7,3.25,2.46666666666667
"876",0.285714285714286,0.375,3.27272727272727,3.3,2.875,1.6
"877",0.142857142857143,0.375,3.72727272727273,3.4,3.625,1.66666666666667
"878",0.571428571428571,0.625,2.36363636363636,2.9,3.125,1.4
"879",0.285714285714286,0.125,1.90909090909091,2.8,2.125,1.26666666666667
"880",1,0.25,2.54545454545455,4.7,2.5,1.2
"881",0.857142857142857,0,4,3.9,1.25,1.33333333333333
"882",0.714285714285714,0,4,4,3.625,1
"883",0.142857142857143,1,1.54545454545455,4,2.625,1
"884",0.714285714285714,0.125,2.63636363636364,3.9,3,2
"885",0.428571428571429,0.875,2.36363636363636,4,2,1.06666666666667
"886",0.142857142857143,0.875,2.72727272727273,4.1,2.25,1.46666666666667
"887",0.285714285714286,0.625,2.72727272727273,3.3,3.375,1.13333333333333
"888",0.571428571428571,0,2.45454545454545,3.5,2.625,1.13333333333333
"889",0.857142857142857,0.875,3.90909090909091,4.7,2.75,1.13333333333333
"890",0.142857142857143,1,3.36363636363636,4.7,1,1.53333333333333
"891",0.857142857142857,0.125,4.09090909090909,2.7,3.625,1.86666666666667
"892",0.714285714285714,0.25,4.27272727272727,3.8,4.125,2
"893",0.857142857142857,0.375,4,4.7,3.25,1.8
"894",0.714285714285714,0.125,3.45454545454545,3.9,2.125,1.33333333333333
"895",0.571428571428571,0.125,3,4.1,2.75,1.06666666666667
"896",0.571428571428571,0.375,2,3.4,2.875,2.26666666666667
"897",0.857142857142857,0.375,4.36363636363636,3.6,1.75,2.06666666666667
"898",1,0.25,2.63636363636364,4.3,1.25,1.2
"899",0.857142857142857,0,4.09090909090909,3.5,2.25,1
"900",1,0.125,1.18181818181818,4.5,1.625,1
"901",1,0,3.81818181818182,2.8,4.125,2.26666666666667
"902",0.428571428571429,0.125,2.09090909090909,3.4,2.125,1.26666666666667
"903",0.285714285714286,0.125,1.45454545454545,4.1,1.875,1.06666666666667
"904",0.714285714285714,0.5,2.63636363636364,4,2.375,1.13333333333333
"905",0.285714285714286,0,1.81818181818182,2.3,1,1
"906",0.571428571428571,0.75,2.54545454545455,3,3.25,1.33333333333333
"907",0.428571428571429,0.375,3.45454545454545,2.5,4,2.33333333333333
"908",1,1,6,4.2,4.125,3.13333333333333
"909",1,0.25,3.45454545454545,4.4,1.125,1.6
"910",0.857142857142857,0.5,2.81818181818182,3.2,2.875,1.8
"911",1,0,3.27272727272727,4,2,1.26666666666667
"912",0.714285714285714,0.625,3.63636363636364,3.7,2.875,1.4
"913",0.714285714285714,0.375,1.36363636363636,3.9,2.375,1
"914",0.571428571428571,0.75,6.18181818181818,2.4,3.5,2.06666666666667
"915",0.285714285714286,1,2.36363636363636,3.9,1.375,1
"916",0.142857142857143,0.25,3.18181818181818,2.7,3.25,1.2
"917",0.428571428571429,0.5,3.54545454545455,3.6,3.25,1.66666666666667
"918",0.285714285714286,0.75,3.90909090909091,3.6,3.125,1.33333333333333
"919",0.142857142857143,0.75,2.63636363636364,4.7,2.625,1.2
"920",0,0.875,2.81818181818182,3.8,2.625,1.4
"921",0.142857142857143,0.75,2.54545454545455,4.1,1.75,1
"922",0.571428571428571,0.125,3.45454545454545,4.5,2.25,1.26666666666667
"923",0.285714285714286,0.625,1.27272727272727,3.4,2.25,1
"924",0.857142857142857,0.375,3.63636363636364,4.4,2.75,2.6
"925",0.285714285714286,0.75,3.54545454545455,3.3,4.5,1.66666666666667
"926",0.571428571428571,0.375,2.72727272727273,3.6,2.75,1.86666666666667
"927",0.857142857142857,0.125,1.72727272727273,4.2,3.125,1.26666666666667
"928",0.714285714285714,0.125,3.36363636363636,4.4,2.5,1.33333333333333
"929",1,0,5.72727272727273,4.6,2.25,1.2
"930",0.428571428571429,0.25,3.27272727272727,2.4,2.75,1
"931",0.857142857142857,0,1.54545454545455,4.5,3,1
"932",0.571428571428571,0.25,3.36363636363636,3.7,3.125,1.06666666666667
"933",0.285714285714286,1,1.90909090909091,4.1,1.375,1.4
"934",0.571428571428571,0.5,2.27272727272727,3.4,1.875,1.4
"935",0.714285714285714,0.5,3.63636363636364,2.7,3.25,1.73333333333333
"936",0.285714285714286,1,1.90909090909091,3.9,2.875,1.33333333333333
"937",1,0,4,2.5,3.125,1.33333333333333
"938",0.428571428571429,0.625,2.63636363636364,2.3,3.375,1.6
"939",0.571428571428571,0.625,2.63636363636364,3.2,3.25,1.93333333333333
"940",0.571428571428571,0.875,2.36363636363636,4.5,1,1.53333333333333
"941",1,0.25,4.18181818181818,4.2,1.625,2
"942",0.285714285714286,0.625,4.27272727272727,2.9,3,2.53333333333333
"943",0.571428571428571,0.625,2.63636363636364,4,2.375,1.13333333333333
"944",0.857142857142857,0,2.63636363636364,4.1,2.125,1.06666666666667
"945",0.714285714285714,0,3.09090909090909,3.1,1.875,1.33333333333333
"946",0.571428571428571,0.125,2.09090909090909,3.5,1.75,1
"947",0.857142857142857,0.625,4.63636363636364,3,3.75,2.93333333333333
"948",0,1,4.54545454545455,3.6,4,1
"949",0.714285714285714,0.125,1.72727272727273,4,2.375,1.46666666666667
"950",0.142857142857143,0.625,2.90909090909091,2.7,2.625,1.66666666666667
"951",0,0.625,4.81818181818182,3.8,2.375,1.73333333333333
"952",0.428571428571429,0.875,2.27272727272727,4,4,3
"953",0.571428571428571,1,3.72727272727273,2.9,4,1.66666666666667
"954",0.714285714285714,0.75,2,1.9,1.875,1.53333333333333
"955",0.714285714285714,0.5,2.90909090909091,4.1,2.75,1.33333333333333
"956",0.285714285714286,0.375,4,2.9,3.125,1.73333333333333
"957",0.714285714285714,0.25,4,4.2,1.5,1.8
"958",0.714285714285714,0.125,1.63636363636364,3.11111111111111,2.375,1
"959",0.571428571428571,0.375,3.54545454545455,2.4,3.375,1.2
"960",0.142857142857143,0.375,3.18181818181818,3.2,3.375,1.53333333333333
"961",0.428571428571429,1,3.27272727272727,3.3,3.625,3.8
"962",0.428571428571429,0.625,4.09090909090909,3.7,2.75,2.26666666666667
"963",0.857142857142857,0.125,2.09090909090909,4.7,1.875,1.33333333333333
"964",0.571428571428571,0.25,2.72727272727273,3.9,2.75,1.13333333333333
"965",0.857142857142857,0,2.90909090909091,4.5,2.5,1.53333333333333
"966",0.428571428571429,0.5,3.27272727272727,3,2.625,1.66666666666667
"967",0.142857142857143,1,1,5,3.5,2
"968",0.857142857142857,0.625,1.27272727272727,1.5,1.5,1.26666666666667
"969",0.142857142857143,0.5,2.63636363636364,3.6,2.5,1.6
"970",0.428571428571429,0.375,3.81818181818182,1.3,3.625,1.53333333333333
"971",0.428571428571429,0.375,3.90909090909091,3.9,3.5,1.86666666666667
"972",0.571428571428571,0.75,3.90909090909091,2.8,2.625,1.6
"973",0,0,3.72727272727273,4,2.5,1.4
"974",0.714285714285714,0.625,4.27272727272727,3.7,3.625,2.13333333333333
"975",0.428571428571429,0,1.54545454545455,3.6,2.25,1
"976",0.571428571428571,0.75,4,2.3,2.625,1.06666666666667
"977",0.571428571428571,0.5,4.54545454545455,2.7,2.875,2.33333333333333
"978",0.714285714285714,0.25,2,3.3,1.5,1.73333333333333
"979",0.571428571428571,0.625,1.81818181818182,3.7,3.375,2.06666666666667
"980",1,0,1.63636363636364,3.8,2.625,1.4
"981",0.714285714285714,0.375,2.54545454545455,3.4,2.375,1.13333333333333
"982",0.571428571428571,0.375,2.81818181818182,2.9,3,2
"983",0.714285714285714,0.375,4.09090909090909,3.5,3.625,2.26666666666667
"984",0.428571428571429,0.125,1.90909090909091,3.2,3,1.26666666666667
"985",0.714285714285714,0,3.18181818181818,3.9,2.375,1.26666666666667
"986",0.857142857142857,0.125,1.72727272727273,4,2.625,1.4
"987",0.428571428571429,0.625,2.72727272727273,4.3,2.5,1.33333333333333
"988",0.142857142857143,0.875,2.72727272727273,3.9,1.5,1
"989",0,0.875,3.18181818181818,3.2,2.5,1.73333333333333
"990",0.142857142857143,0.5,5.45454545454545,1.9,2.125,1.13333333333333
"991",0.428571428571429,0.75,2.09090909090909,3.2,2.875,1.33333333333333
"992",0.571428571428571,0.625,3.36363636363636,3.5,3.375,1.33333333333333
"993",0.714285714285714,0.5,3.45454545454545,3.7,3,1.6
"994",0.428571428571429,0.625,3.81818181818182,2.9,4,1.53333333333333
"995",0.857142857142857,0,2.27272727272727,4.1,1.625,1.06666666666667
"996",0.714285714285714,0.875,3.90909090909091,3.4,2.625,2
"997",0.285714285714286,1,3.09090909090909,3.6,3.25,2.73333333333333
"998",0.428571428571429,0.875,4.63636363636364,2.7,4.375,1.93333333333333
"999",0.857142857142857,0.25,2.72727272727273,2.6,3.25,1.33333333333333
"1000",0.571428571428571,0.875,2.27272727272727,4,4,3
"1001",0.857142857142857,0.5,2.81818181818182,3.1,2.875,1.8
"1002",1,0,2.45454545454545,4.3,2.75,1.2
"1003",0.571428571428571,0,4.18181818181818,2.5,5,3.4
"1004",0.428571428571429,0,3.36363636363636,3.1,2.75,1
"1005",0.285714285714286,0.375,3.18181818181818,3.8,3.25,1.46666666666667
"1006",0.714285714285714,0.125,2.72727272727273,4.1,1.875,1.13333333333333
"1007",0.857142857142857,0.125,1.54545454545455,5,1,1
"1008",0.571428571428571,1,1,4.2,1.625,1
"1009",0.714285714285714,0,1.63636363636364,4,2,1.53333333333333
"1010",0.714285714285714,0.375,4.45454545454545,4.5,4.875,3.33333333333333
"1011",0.714285714285714,0.75,3,3.8,3.125,1.4
"1012",0.428571428571429,0.375,2.81818181818182,2.4,1.625,1.2
"1013",0.142857142857143,0.875,1.81818181818182,3.4,2.25,1
"1014",0.428571428571429,0,1.81818181818182,4.3,2.125,1.06666666666667
"1015",0.285714285714286,0.625,3.63636363636364,2.9,3,1.8
"1016",0.857142857142857,0.125,1.63636363636364,5,1,1.2
"1017",0.428571428571429,0.25,3.36363636363636,3.7,2.375,1.26666666666667
"1018",0.571428571428571,0.25,3.27272727272727,3.2,3.625,1.2
"1019",0.571428571428571,0.375,3.90909090909091,3.3,2.25,1.2
"1020",0,0.625,4.27272727272727,2.6,3,2.53333333333333
"1021",0.571428571428571,0.25,4.18181818181818,3.5,3.125,1.73333333333333
"1022",0.857142857142857,0.125,2.45454545454545,4.6,1.5,1.2
"1023",1,0.375,1.54545454545455,4.3,2.875,1.06666666666667
"1024",0.428571428571429,0.75,2.09090909090909,3.2,2.875,1.33333333333333
"1025",0.571428571428571,0.875,3.36363636363636,4,4,3
"1026",0.285714285714286,0.625,3,3.5,3.125,1.2
"1027",0.428571428571429,0.375,4.27272727272727,3.7,3.75,1.8
"1028",0.571428571428571,0.25,1.90909090909091,3.3,2.75,1.13333333333333
"1029",0.428571428571429,0.875,2.27272727272727,4,4,2.93333333333333
"1030",0.857142857142857,0,4,4,3.625,1.6
"1031",0.857142857142857,0.25,3,3.9,2.25,1.06666666666667
"1032",0.285714285714286,0,3.81818181818182,3.3,1.375,1.66666666666667
"1033",0.857142857142857,0.375,2.90909090909091,4.2,1.875,1.2
"1034",0.571428571428571,0.5,2,3.7,3.375,1
"1035",0.428571428571429,0.5,2.18181818181818,3,2.5,1.4
"1036",1,0,2.90909090909091,3.2,2.875,1.53333333333333
"1037",0.857142857142857,0,3.18181818181818,3.6,2,1.33333333333333
"1038",0.857142857142857,0,2.81818181818182,4.44444444444444,2.875,1.93333333333333
"1039",0.714285714285714,0.375,3.90909090909091,3.9,2.25,1.73333333333333
"1040",0.571428571428571,0.25,2.54545454545455,4.6,3.25,1.13333333333333
"1041",0.428571428571429,0.625,1.54545454545455,3.5,2.625,1.13333333333333
"1042",0.714285714285714,0.625,4.54545454545455,3.7,3,1.86666666666667
"1043",0.857142857142857,0.125,1.63636363636364,4.8,1.75,1.33333333333333
"1044",1,1,4.72727272727273,4,4,2.8
"1045",0.714285714285714,0.5,2.63636363636364,3.2,2.5,1
"1046",0.714285714285714,0.875,4.63636363636364,4.3,3.625,3.73333333333333
"1047",0.285714285714286,0.5,2.90909090909091,3.4,1.875,2.42857142857143
"1048",0.857142857142857,0.375,2.54545454545455,4.6,2.625,1.26666666666667
"1049",0.428571428571429,1,1.27272727272727,3.6,1.875,1
"1050",0.571428571428571,0.75,1.54545454545455,4.2,2.625,1.06666666666667
"1051",0.571428571428571,1,2.45454545454545,4.9,1.5,1
"1052",0.142857142857143,1,1.54545454545455,3.1,2.25,1.06666666666667
"1053",1,0.375,4.18181818181818,2.2,1.875,1
"1054",0.714285714285714,0,2.09090909090909,3.1,1.25,1
"1055",0.571428571428571,0.625,1.54545454545455,4.2,2.625,1.06666666666667
"1056",1,0.75,3,3.7,4,2
"1057",0.285714285714286,1,4.45454545454545,3.1,3.75,3.93333333333333
"1058",0,0.75,4.45454545454545,1.8,3.125,2.33333333333333
"1059",1,0,1,4.9,2.125,1.26666666666667
"1060",0.857142857142857,0.375,3.45454545454545,3.9,2.25,1.33333333333333
"1061",0.571428571428571,0.25,2.36363636363636,3,3.125,1.33333333333333
"1062",0.142857142857143,1,1.54545454545455,3.3,3.375,1
"1063",0.714285714285714,0.625,2.90909090909091,3.4,3.375,1.4
"1064",0.142857142857143,0.5,2.54545454545455,4.1,3,1.53333333333333
"1065",0,0.875,2.36363636363636,4.8,1.75,1
"1066",0.714285714285714,0.125,2.18181818181818,3.8,3.5,1.6
"1067",0.714285714285714,0.625,3.36363636363636,2.7,2.875,1.4
"1068",0.571428571428571,0.125,2.72727272727273,3.9,2.625,1.46666666666667
"1069",0.142857142857143,1,1.72727272727273,3.7,2.125,1.46666666666667
"1070",0.857142857142857,0.125,2.45454545454545,2.9,2.375,1.6
"1071",0.571428571428571,0.875,2.27272727272727,4,4,3
"1072",0.428571428571429,0.375,2.18181818181818,3,3.875,1.66666666666667
"1073",0.714285714285714,0.125,2,3.5,2.75,1
"1074",0.571428571428571,0.625,2.18181818181818,4,1.75,1.06666666666667
"1075",0.857142857142857,0,1.90909090909091,4,2.125,1
"1076",0.428571428571429,0.375,2.54545454545455,2.9,4,1.33333333333333
"1077",0.428571428571429,0.25,3.54545454545455,3,2.875,1.73333333333333
"1078",0.428571428571429,0.375,3.27272727272727,2.8,2.625,1.86666666666667
"1079",0.714285714285714,0.5,2.81818181818182,3.2,2.875,1.8
"1080",0.428571428571429,0.5,1.81818181818182,3.5,3.5,2
"1081",0.285714285714286,0.625,3.81818181818182,3.2,3.5,2
"1082",0.142857142857143,1,1.81818181818182,4.9,1,1
"1083",0.571428571428571,0,3.54545454545455,2.6,4,1.26666666666667
"1084",1,0.75,2.81818181818182,4.1,3.25,1.8
"1085",0.714285714285714,0.5,3.27272727272727,3.5,3.125,2.2
"1086",0.428571428571429,0.875,2.18181818181818,3.4,2.5,1.53333333333333
"1087",0.714285714285714,0.25,4.27272727272727,2.5,4,3.33333333333333
"1088",0.857142857142857,0,2.45454545454545,3.7,2,1.13333333333333
"1089",0.285714285714286,0,1.63636363636364,3.3,2.5,1.33333333333333
"1090",0.714285714285714,0.375,2.90909090909091,3.9,2.125,1.13333333333333
"1091",0,0.75,4.09090909090909,1.9,3.5,2.8
"1092",0.142857142857143,0.25,3.36363636363636,3.2,3.25,2.6
"1093",0.285714285714286,0.75,2.36363636363636,3,2.625,2
"1094",1,0,1,4.9,2.125,1.26666666666667
"1095",0.714285714285714,0.625,4,3.8,2.875,1.13333333333333
"1096",0.714285714285714,0.25,1.90909090909091,3.9,2.5,1.4
"1097",0.857142857142857,0.125,1,2.6,3.25,1.4
"1098",0.142857142857143,0,5.27272727272727,1.9,4.5,3.06666666666667
"1099",0.428571428571429,0.75,1.90909090909091,4.2,2.625,1
"1100",1,0.125,1.54545454545455,3.9,2.125,1.06666666666667
"1101",0.571428571428571,0.5,2,3.5,3.125,1
"1102",0.857142857142857,0.875,4.54545454545455,2.8,3.625,4
"1103",0.714285714285714,0,1.90909090909091,4,3.375,1.4
"1104",0.571428571428571,0.625,3.72727272727273,2.7,2.875,2.53333333333333
"1105",0.714285714285714,0.375,1.27272727272727,3.3,3.75,1
"1106",0.857142857142857,0.5,2.81818181818182,3,3.125,1.8
"1107",0.285714285714286,0.5,4,3,3,1
"1108",0,0.625,2.45454545454545,3.7,2.625,1
"1109",1,0.5,4.54545454545455,2.9,2.625,2.53333333333333
"1110",0.285714285714286,1,2.63636363636364,4.2,2,1.53333333333333
"1111",0.714285714285714,0.75,3.27272727272727,2.4,3.125,1
"1112",0.571428571428571,0.75,3.45454545454545,3.6,2.875,2.33333333333333
"1113",0.142857142857143,0.75,2.81818181818182,3.6,2,1.73333333333333
"1114",0.857142857142857,0.875,4,3.2,4.25,2.86666666666667
"1115",0,0.75,2.72727272727273,3.9,1.125,1.46666666666667
"1116",1,0.5,3.36363636363636,3.2,2.875,1.93333333333333
"1117",0.285714285714286,1,1.36363636363636,4.5,2.25,1.33333333333333
"1118",0.714285714285714,0.875,1.72727272727273,3,2.875,1.46666666666667
"1119",0,0,2.54545454545455,5,5,4
"1120",0,0.25,4.18181818181818,2.6,3.375,2.13333333333333
"1121",0.142857142857143,0.75,2.90909090909091,3.9,2.375,1.4
"1122",0.428571428571429,0.625,2.90909090909091,4,1.875,1.26666666666667
"1123",0.428571428571429,0.625,5.27272727272727,2.6,3.375,2.6
"1124",0.714285714285714,0.75,3.72727272727273,2.7,2.875,1.4
"1125",0.714285714285714,0.5,3.72727272727273,2.4,3.125,2
"1126",0.714285714285714,0.25,2.63636363636364,3.6,2.125,1.06666666666667
"1127",0,0.875,3.90909090909091,3.1,3.25,1.2
"1128",0.714285714285714,0.125,2.63636363636364,3,3,1.2
"1129",0.142857142857143,1,4.54545454545455,1.3,4.25,2.6
